"Hey, I'm the chief here. Bake him away, toys."
When I look at people I don't see colors; I just see crackpot religions.
"Hey, I'm the chief here. Bake him away, toys."
When I look at people I don't see colors; I just see crackpot religions.
When I look at people I don't see colors; I just see crackpot religions.
"Hey, I'm the chief here. Bake him away, toys."
When I look at people I don't see colors; I just see crackpot religions.
"Hey, I'm the chief here. Bake him away, toys."
When I look at people I don't see colors; I just see crackpot religions.
"Hey, I'm the chief here. Bake him away, toys."
"Hey, I'm the chief here. Bake him away, toys."
"Hey, I'm the chief here. Bake him away, toys."
When I look at people I don't see colors; I just see crackpot religions.
"Hey, I'm the chief here. Bake him away, toys."
When I look at people I don't see colors; I just see crackpot religions.
When I look at people I don't see colors; I just see crackpot religions.
When I look at people I don't see colors; I just see crackpot religions.
Chief Wiggum,When I look at people I don't see colors; I just see crackpot religions.
Chief Wiggum,When I look at people I don't see colors; I just see crackpot religions.
Chief Wiggum,When I look at people I don't see colors; I just see crackpot religions.
Chief Wiggum,When I look at people I don't see colors; I just see crackpot religions.
Chief Wiggum,When I look at people I don't see colors; I just see crackpot religions.
Chief Wiggum,"Hey, I'm the chief here. Bake him away, toys."
Chief Wiggum,When I look at people I don't see colors; I just see crackpot religions.
Chief Wiggum,"Hey, I'm the chief here. Bake him away, toys."
Chief Wiggum,When I look at people I don't see colors; I just see crackpot religions.
Chief Wiggum,"Hey, I'm the chief here. Bake him away, toys."
Chief Wiggum,When I look at people I don't see colors; I just see crackpot religions.
Chief Wiggum,When I look at people I don't see colors; I just see crackpot religions.
