Dr. Nick,Inflammable means flammable? What a country!,https://cdn.glitch.com/3c3ffadc-3406-4440-bb95-d40ec8fcde72%2FNickRiviera.png?1497567511084
Dr. Nick,"Ah, be creative. Instead of making sandwhiches with bread, use Pop-Tarts. Instead of chewing gum, chew bacon.",https://cdn.glitch.com/3c3ffadc-3406-4440-bb95-d40ec8fcde72%2FNickRiviera.png?1497567511084
Dr. Nick,"Ah, be creative. Instead of making sandwhiches with bread, use Pop-Tarts. Instead of chewing gum, chew bacon.",https://cdn.glitch.com/3c3ffadc-3406-4440-bb95-d40ec8fcde72%2FNickRiviera.png?1497567511084
Dr. Nick,"Ah, be creative. Instead of making sandwhiches with bread, use Pop-Tarts. Instead of chewing gum, chew bacon.",https://cdn.glitch.com/3c3ffadc-3406-4440-bb95-d40ec8fcde72%2FNickRiviera.png?1497567511084
Dr. Nick,"Ah, be creative. Instead of making sandwhiches with bread, use Pop-Tarts. Instead of chewing gum, chew bacon.",https://cdn.glitch.com/3c3ffadc-3406-4440-bb95-d40ec8fcde72%2FNickRiviera.png?1497567511084
Dr. Nick,"Ah, be creative. Instead of making sandwhiches with bread, use Pop-Tarts. Instead of chewing gum, chew bacon.",https://cdn.glitch.com/3c3ffadc-3406-4440-bb95-d40ec8fcde72%2FNickRiviera.png?1497567511084
Dr. Nick,Inflammable means flammable? What a country!,https://cdn.glitch.com/3c3ffadc-3406-4440-bb95-d40ec8fcde72%2FNickRiviera.png?1497567511084
Dr. Nick,Inflammable means flammable? What a country!,https://cdn.glitch.com/3c3ffadc-3406-4440-bb95-d40ec8fcde72%2FNickRiviera.png?1497567511084
Inflammable means flammable? What a country!
"Ah, be creative. Instead of making sandwhiches with bread, use Pop-Tarts. Instead of chewing gum, chew bacon."
