Mayor Quimby,Can't we have one meeting that doesn't end with us digging up a corpse?,https://cdn.glitch.com/3c3ffadc-3406-4440-bb95-d40ec8fcde72%2FMayorQuimby.png?1497627527799
Mayor Quimby,Can't we have one meeting that doesn't end with us digging up a corpse?,https://cdn.glitch.com/3c3ffadc-3406-4440-bb95-d40ec8fcde72%2FMayorQuimby.png?1497627527799
Mayor Quimby,Can't we have one meeting that doesn't end with us digging up a corpse?,https://cdn.glitch.com/3c3ffadc-3406-4440-bb95-d40ec8fcde72%2FMayorQuimby.png?1497627527799
Mayor Quimby,Can't we have one meeting that doesn't end with us digging up a corpse?,https://cdn.glitch.com/3c3ffadc-3406-4440-bb95-d40ec8fcde72%2FMayorQuimby.png?1497627527799
Mayor Quimby,Can't we have one meeting that doesn't end with us digging up a corpse?,https://cdn.glitch.com/3c3ffadc-3406-4440-bb95-d40ec8fcde72%2FMayorQuimby.png?1497627527799
Mayor Quimby,Can't we have one meeting that doesn't end with us digging up a corpse?,https://cdn.glitch.com/3c3ffadc-3406-4440-bb95-d40ec8fcde72%2FMayorQuimby.png?1497627527799
Mayor Quimby,Can't we have one meeting that doesn't end with us digging up a corpse?,https://cdn.glitch.com/3c3ffadc-3406-4440-bb95-d40ec8fcde72%2FMayorQuimby.png?1497627527799
Mayor Quimby,Can't we have one meeting that doesn't end with us digging up a corpse?,https://cdn.glitch.com/3c3ffadc-3406-4440-bb95-d40ec8fcde72%2FMayorQuimby.png?1497627527799
Mayor Quimby,Can't we have one meeting that doesn't end with us digging up a corpse?,https://cdn.glitch.com/3c3ffadc-3406-4440-bb95-d40ec8fcde72%2FMayorQuimby.png?1497627527799
Mayor Quimby,Can't we have one meeting that doesn't end with us digging up a corpse?,https://cdn.glitch.com/3c3ffadc-3406-4440-bb95-d40ec8fcde72%2FMayorQuimby.png?1497627527799
Mayor Quimby,Can't we have one meeting that doesn't end with us digging up a corpse?,https://cdn.glitch.com/3c3ffadc-3406-4440-bb95-d40ec8fcde72%2FMayorQuimby.png?1497627527799
