Marge Simpson,"I don't want to sound like a killjoy, but becuase this is not to my taste I don't think anyone else should be allowed to enjoy it.",https://cdn.glitch.com/3c3ffadc-3406-4440-bb95-d40ec8fcde72%2FMargeSimpson.png?1497567512205
Marge Simpson,"I don't want to sound like a killjoy, but becuase this is not to my taste I don't think anyone else should be allowed to enjoy it.",https://cdn.glitch.com/3c3ffadc-3406-4440-bb95-d40ec8fcde72%2FMargeSimpson.png?1497567512205
Marge Simpson,I'm sleeping in the bath tub.,https://cdn.glitch.com/3c3ffadc-3406-4440-bb95-d40ec8fcde72%2FMargeSimpson.png?1497567512205
Marge Simpson,"I don't want to sound like a killjoy, but becuase this is not to my taste I don't think anyone else should be allowed to enjoy it.",https://cdn.glitch.com/3c3ffadc-3406-4440-bb95-d40ec8fcde72%2FMargeSimpson.png?1497567512205
Marge Simpson,"I don't want to sound like a killjoy, but becuase this is not to my taste I don't think anyone else should be allowed to enjoy it.",https://cdn.glitch.com/3c3ffadc-3406-4440-bb95-d40ec8fcde72%2FMargeSimpson.png?1497567512205
Marge Simpson,"I don't want to sound like a killjoy, but becuase this is not to my taste I don't think anyone else should be allowed to enjoy it.",https://cdn.glitch.com/3c3ffadc-3406-4440-bb95-d40ec8fcde72%2FMargeSimpson.png?1497567512205
Marge Simpson,I'm sleeping in the bath tub.,https://cdn.glitch.com/3c3ffadc-3406-4440-bb95-d40ec8fcde72%2FMargeSimpson.png?1497567512205
Marge Simpson,I'm sleeping in the bath tub.,https://cdn.glitch.com/3c3ffadc-3406-4440-bb95-d40ec8fcde72%2FMargeSimpson.png?1497567512205
Marge Simpson,"I don't want to sound like a killjoy, but becuase this is not to my taste I don't think anyone else should be allowed to enjoy it."
Marge Simpson,"I don't want to sound like a killjoy, but becuase this is not to my taste I don't think anyone else should be allowed to enjoy it."
