Apu Nahasapeemapetilon,Thank you. Come again.,https://cdn.glitch.com/3c3ffadc-3406-4440-bb95-d40ec8fcde72%2FApuNahasapeemapetilon.png?1497567511629

Apu Nahasapeemapetilon,By chilling my loins I increase the chances of impregnating my wife.,https://cdn.glitch.com/3c3ffadc-3406-4440-bb95-d40ec8fcde72%2FApuNahasapeemapetilon.png?1497567511629

Apu Nahasapeemapetilon,Thank you. Come again.,https://cdn.glitch.com/3c3ffadc-3406-4440-bb95-d40ec8fcde72%2FApuNahasapeemapetilon.png?1497567511629

Apu Nahasapeemapetilon,Thank you. Come again.,https://cdn.glitch.com/3c3ffadc-3406-4440-bb95-d40ec8fcde72%2FApuNahasapeemapetilon.png?1497567511629

Apu Nahasapeemapetilon,By chilling my loins I increase the chances of impregnating my wife.,https://cdn.glitch.com/3c3ffadc-3406-4440-bb95-d40ec8fcde72%2FApuNahasapeemapetilon.png?1497567511629

Apu Nahasapeemapetilon,By chilling my loins I increase the chances of impregnating my wife.,https://cdn.glitch.com/3c3ffadc-3406-4440-bb95-d40ec8fcde72%2FApuNahasapeemapetilon.png?1497567511629

Apu Nahasapeemapetilon,Thank you. Come again.,https://cdn.glitch.com/3c3ffadc-3406-4440-bb95-d40ec8fcde72%2FApuNahasapeemapetilon.png?1497567511629

Apu Nahasapeemapetilon,Thank you. Come again.,https://cdn.glitch.com/3c3ffadc-3406-4440-bb95-d40ec8fcde72%2FApuNahasapeemapetilon.png?1497567511629

Apu Nahasapeemapetilon,Thank you. Come again.,https://cdn.glitch.com/3c3ffadc-3406-4440-bb95-d40ec8fcde72%2FApuNahasapeemapetilon.png?1497567511629

Apu Nahasapeemapetilon,Thank you. Come again.,https://cdn.glitch.com/3c3ffadc-3406-4440-bb95-d40ec8fcde72%2FApuNahasapeemapetilon.png?1497567511629

Apu Nahasapeemapetilon,By chilling my loins I increase the chances of impregnating my wife.,https://cdn.glitch.com/3c3ffadc-3406-4440-bb95-d40ec8fcde72%2FApuNahasapeemapetilon.png?1497567511629

Apu Nahasapeemapetilon,By chilling my loins I increase the chances of impregnating my wife.,https://cdn.glitch.com/3c3ffadc-3406-4440-bb95-d40ec8fcde72%2FApuNahasapeemapetilon.png?1497567511629

Apu Nahasapeemapetilon,By chilling my loins I increase the chances of impregnating my wife.,https://cdn.glitch.com/3c3ffadc-3406-4440-bb95-d40ec8fcde72%2FApuNahasapeemapetilon.png?1497567511629

Apu Nahasapeemapetilon,Thank you. Come again.,https://cdn.glitch.com/3c3ffadc-3406-4440-bb95-d40ec8fcde72%2FApuNahasapeemapetilon.png?1497567511629

Apu Nahasapeemapetilon,By chilling my loins I increase the chances of impregnating my wife.,https://cdn.glitch.com/3c3ffadc-3406-4440-bb95-d40ec8fcde72%2FApuNahasapeemapetilon.png?1497567511629

Apu Nahasapeemapetilon,Thank you. Come again.,https://cdn.glitch.com/3c3ffadc-3406-4440-bb95-d40ec8fcde72%2FApuNahasapeemapetilon.png?1497567511629



By chilling my loins I increase the chances of impregnating my wife.
