Milhouse Van Houten,But my mom says I'm cool.,https://cdn.glitch.com/3c3ffadc-3406-4440-bb95-d40ec8fcde72%2FMilhouseVanHouten.png?1497567513002
Milhouse Van Houten,But my mom says I'm cool.,https://cdn.glitch.com/3c3ffadc-3406-4440-bb95-d40ec8fcde72%2FMilhouseVanHouten.png?1497567513002
Milhouse Van Houten,"Remember the time he ate my goldfish? And you lied and said I never had a goldfish. Then why did I have the bowl, Bart? Why did I have the bowl?",https://cdn.glitch.com/3c3ffadc-3406-4440-bb95-d40ec8fcde72%2FMilhouseVanHouten.png?1497567513002
Milhouse Van Houten,"Remember the time he ate my goldfish? And you lied and said I never had a goldfish. Then why did I have the bowl, Bart? Why did I have the bowl?",https://cdn.glitch.com/3c3ffadc-3406-4440-bb95-d40ec8fcde72%2FMilhouseVanHouten.png?1497567513002
Milhouse Van Houten,But my mom says I'm cool.,https://cdn.glitch.com/3c3ffadc-3406-4440-bb95-d40ec8fcde72%2FMilhouseVanHouten.png?1497567513002
Milhouse Van Houten,But my mom says I'm cool.,https://cdn.glitch.com/3c3ffadc-3406-4440-bb95-d40ec8fcde72%2FMilhouseVanHouten.png?1497567513002
Milhouse Van Houten,But my mom says I'm cool.,https://cdn.glitch.com/3c3ffadc-3406-4440-bb95-d40ec8fcde72%2FMilhouseVanHouten.png?1497567513002
Milhouse Van Houten,But my mom says I'm cool.,https://cdn.glitch.com/3c3ffadc-3406-4440-bb95-d40ec8fcde72%2FMilhouseVanHouten.png?1497567513002
Milhouse Van Houten,"Remember the time he ate my goldfish? And you lied and said I never had a goldfish. Then why did I have the bowl, Bart? Why did I have the bowl?",https://cdn.glitch.com/3c3ffadc-3406-4440-bb95-d40ec8fcde72%2FMilhouseVanHouten.png?1497567513002
Milhouse Van Houten,"Remember the time he ate my goldfish? And you lied and said I never had a goldfish. Then why did I have the bowl, Bart? Why did I have the bowl?",https://cdn.glitch.com/3c3ffadc-3406-4440-bb95-d40ec8fcde72%2FMilhouseVanHouten.png?1497567513002
Milhouse Van Houten,"Remember the time he ate my goldfish? And you lied and said I never had a goldfish. Then why did I have the bowl, Bart? Why did I have the bowl?",https://cdn.glitch.com/3c3ffadc-3406-4440-bb95-d40ec8fcde72%2FMilhouseVanHouten.png?1497567513002
Milhouse Van Houten,"Remember the time he ate my goldfish? And you lied and said I never had a goldfish. Then why did I have the bowl, Bart? Why did I have the bowl?",https://cdn.glitch.com/3c3ffadc-3406-4440-bb95-d40ec8fcde72%2FMilhouseVanHouten.png?1497567513002
"Remember the time he ate my goldfish? And you lied and said I never had a goldfish. Then why did I have the bowl, Bart? Why did I have the bowl?"
But my mom says I'm cool.
Milhouse Van Houten,"Remember the time he ate my goldfish? And you lied and said I never had a goldfish. Then why did I have the bowl, Bart? Why did I have the bowl?"
