Bart Simpson,Nothing you say can upset us. We're the MTV generation.,https://cdn.glitch.com/3c3ffadc-3406-4440-bb95-d40ec8fcde72%2FBartSimpson.png?1497567511638
Bart Simpson,Eat my shorts,https://cdn.glitch.com/3c3ffadc-3406-4440-bb95-d40ec8fcde72%2FBartSimpson.png?1497567511638
Bart Simpson,Eat my shorts,https://cdn.glitch.com/3c3ffadc-3406-4440-bb95-d40ec8fcde72%2FBartSimpson.png?1497567511638
Bart Simpson,Eat my shorts,https://cdn.glitch.com/3c3ffadc-3406-4440-bb95-d40ec8fcde72%2FBartSimpson.png?1497567511638
Bart Simpson,Nothing you say can upset us. We're the MTV generation.,https://cdn.glitch.com/3c3ffadc-3406-4440-bb95-d40ec8fcde72%2FBartSimpson.png?1497567511638
Bart Simpson,You're turning me into a criminal when all I want to be is a petty thug.,https://cdn.glitch.com/3c3ffadc-3406-4440-bb95-d40ec8fcde72%2FBartSimpson.png?1497567511638
Bart Simpson,You're turning me into a criminal when all I want to be is a petty thug.,https://cdn.glitch.com/3c3ffadc-3406-4440-bb95-d40ec8fcde72%2FBartSimpson.png?1497567511638
Bart Simpson,You're turning me into a criminal when all I want to be is a petty thug.,https://cdn.glitch.com/3c3ffadc-3406-4440-bb95-d40ec8fcde72%2FBartSimpson.png?1497567511638
Bart Simpson,Nothing you say can upset us. We're the MTV generation.,https://cdn.glitch.com/3c3ffadc-3406-4440-bb95-d40ec8fcde72%2FBartSimpson.png?1497567511638
Bart Simpson,You're turning me into a criminal when all I want to be is a petty thug.,https://cdn.glitch.com/3c3ffadc-3406-4440-bb95-d40ec8fcde72%2FBartSimpson.png?1497567511638
Bart Simpson,Eat my shorts,https://cdn.glitch.com/3c3ffadc-3406-4440-bb95-d40ec8fcde72%2FBartSimpson.png?1497567511638
Bart Simpson,Eat my shorts,https://cdn.glitch.com/3c3ffadc-3406-4440-bb95-d40ec8fcde72%2FBartSimpson.png?1497567511638
Bart Simpson,Nothing you say can upset us. We're the MTV generation.,https://cdn.glitch.com/3c3ffadc-3406-4440-bb95-d40ec8fcde72%2FBartSimpson.png?1497567511638
Bart Simpson,Nothing you say can upset us. We're the MTV generation.,https://cdn.glitch.com/3c3ffadc-3406-4440-bb95-d40ec8fcde72%2FBartSimpson.png?1497567511638
Bart Simpson,Nothing you say can upset us. We're the MTV generation.,https://cdn.glitch.com/3c3ffadc-3406-4440-bb95-d40ec8fcde72%2FBartSimpson.png?1497567511638
Bart Simpson,Nothing you say can upset us. We're the MTV generation.,https://cdn.glitch.com/3c3ffadc-3406-4440-bb95-d40ec8fcde72%2FBartSimpson.png?1497567511638
Bart Simpson,Eat my shorts,https://cdn.glitch.com/3c3ffadc-3406-4440-bb95-d40ec8fcde72%2FBartSimpson.png?1497567511638
Bart Simpson,You're turning me into a criminal when all I want to be is a petty thug.,https://cdn.glitch.com/3c3ffadc-3406-4440-bb95-d40ec8fcde72%2FBartSimpson.png?1497567511638
Bart Simpson,Nothing you say can upset us. We're the MTV generation.,https://cdn.glitch.com/3c3ffadc-3406-4440-bb95-d40ec8fcde72%2FBartSimpson.png?1497567511638
Bart Simpson,You're turning me into a criminal when all I want to be is a petty thug.,https://cdn.glitch.com/3c3ffadc-3406-4440-bb95-d40ec8fcde72%2FBartSimpson.png?1497567511638
Nothing you say can upset us. We're the MTV generation.
You're turning me into a criminal when all I want to be is a petty thug.
You're turning me into a criminal when all I want to be is a petty thug.
