Chief Wiggum,"Hey, I'm the chief here. Bake him away, toys.",https://cdn.glitch.com/3c3ffadc-3406-4440-bb95-d40ec8fcde72%2FChiefWiggum.png?1497567511716
Chief Wiggum,"Hey, I'm the chief here. Bake him away, toys.",https://cdn.glitch.com/3c3ffadc-3406-4440-bb95-d40ec8fcde72%2FChiefWiggum.png?1497567511716
Chief Wiggum,"Hey, I'm the chief here. Bake him away, toys.",https://cdn.glitch.com/3c3ffadc-3406-4440-bb95-d40ec8fcde72%2FChiefWiggum.png?1497567511716
Chief Wiggum,"Hey, I'm the chief here. Bake him away, toys.",https://cdn.glitch.com/3c3ffadc-3406-4440-bb95-d40ec8fcde72%2FChiefWiggum.png?1497567511716
Chief Wiggum,"Hey, I'm the chief here. Bake him away, toys.",https://cdn.glitch.com/3c3ffadc-3406-4440-bb95-d40ec8fcde72%2FChiefWiggum.png?1497567511716
Chief Wiggum,"Hey, I'm the chief here. Bake him away, toys.",https://cdn.glitch.com/3c3ffadc-3406-4440-bb95-d40ec8fcde72%2FChiefWiggum.png?1497567511716
Chief Wiggum,When I look at people I don't see colors; I just see crackpot religions.,https://cdn.glitch.com/3c3ffadc-3406-4440-bb95-d40ec8fcde72%2FChiefWiggum.png?1497567511716
Chief Wiggum,When I look at people I don't see colors; I just see crackpot religions.,https://cdn.glitch.com/3c3ffadc-3406-4440-bb95-d40ec8fcde72%2FChiefWiggum.png?1497567511716
Chief Wiggum,"Hey, I'm the chief here. Bake him away, toys.",https://cdn.glitch.com/3c3ffadc-3406-4440-bb95-d40ec8fcde72%2FChiefWiggum.png?1497567511716
Chief Wiggum,"Hey, I'm the chief here. Bake him away, toys.",https://cdn.glitch.com/3c3ffadc-3406-4440-bb95-d40ec8fcde72%2FChiefWiggum.png?1497567511716
Chief Wiggum,When I look at people I don't see colors; I just see crackpot religions.,https://cdn.glitch.com/3c3ffadc-3406-4440-bb95-d40ec8fcde72%2FChiefWiggum.png?1497567511716
Chief Wiggum,When I look at people I don't see colors; I just see crackpot religions.,https://cdn.glitch.com/3c3ffadc-3406-4440-bb95-d40ec8fcde72%2FChiefWiggum.png?1497567511716
Chief Wiggum,When I look at people I don't see colors; I just see crackpot religions.,https://cdn.glitch.com/3c3ffadc-3406-4440-bb95-d40ec8fcde72%2FChiefWiggum.png?1497567511716
Chief Wiggum,"Hey, I'm the chief here. Bake him away, toys.",https://cdn.glitch.com/3c3ffadc-3406-4440-bb95-d40ec8fcde72%2FChiefWiggum.png?1497567511716
Chief Wiggum,When I look at people I don't see colors; I just see crackpot religions.,https://cdn.glitch.com/3c3ffadc-3406-4440-bb95-d40ec8fcde72%2FChiefWiggum.png?1497567511716
Chief Wiggum,When I look at people I don't see colors; I just see crackpot religions.,https://cdn.glitch.com/3c3ffadc-3406-4440-bb95-d40ec8fcde72%2FChiefWiggum.png?1497567511716
Chief Wiggum,When I look at people I don't see colors; I just see crackpot religions.,https://cdn.glitch.com/3c3ffadc-3406-4440-bb95-d40ec8fcde72%2FChiefWiggum.png?1497567511716
"Hey, I'm the chief here. Bake him away, toys."
When I look at people I don't see colors; I just see crackpot religions.
Chief Wiggum,When I look at people I don't see colors; I just see crackpot religions.
Chief Wiggum,"Hey, I'm the chief here. Bake him away, toys."
