"Remember the time he ate my goldfish? And you lied and said I never had a goldfish. Then why did I have the bowl, Bart? Why did I have the bowl?"
"Remember the time he ate my goldfish? And you lied and said I never had a goldfish. Then why did I have the bowl, Bart? Why did I have the bowl?"
But my mom says I'm cool.
But my mom says I'm cool.
"Remember the time he ate my goldfish? And you lied and said I never had a goldfish. Then why did I have the bowl, Bart? Why did I have the bowl?"
But my mom says I'm cool.
But my mom says I'm cool.
"Remember the time he ate my goldfish? And you lied and said I never had a goldfish. Then why did I have the bowl, Bart? Why did I have the bowl?"
Milhouse Van Houten,"Remember the time he ate my goldfish? And you lied and said I never had a goldfish. Then why did I have the bowl, Bart? Why did I have the bowl?"
Milhouse Van Houten,But my mom says I'm cool.
Milhouse Van Houten,But my mom says I'm cool.
Milhouse Van Houten,"Remember the time he ate my goldfish? And you lied and said I never had a goldfish. Then why did I have the bowl, Bart? Why did I have the bowl?"
Milhouse Van Houten,But my mom says I'm cool.
Milhouse Van Houten,But my mom says I'm cool.
Milhouse Van Houten,But my mom says I'm cool.
Milhouse Van Houten,But my mom says I'm cool.
Milhouse Van Houten,But my mom says I'm cool.
